title,description,image_url,file_name,is_published
Candyland%20Unicorn,,https://puswptfnpjdigfsatylx.supabase.co/storage/v1/object/public/coloring-pages/candyland_unicorn_coloring.png,candyland_unicorn_coloring.png,true
Circus%20Unicorn,,https://puswptfnpjdigfsatylx.supabase.co/storage/v1/object/public/coloring-pages/circus_unicorn_coloring.png,circus_unicorn_coloring.png,true
Dancing%20Unicorn%20Parade,,https://puswptfnpjdigfsatylx.supabase.co/storage/v1/object/public/coloring-pages/dancing_unicorn_parade_coloring.png,dancing_unicorn_parade_coloring.png,true
Gothic%20Unicorn%20Night,A dark unicorn with bat wings stands beneath a full moon and twisted trees.,https://puswptfnpjdigfsatylx.supabase.co/storage/v1/object/public/coloring-pages/gothic_unicorn_night_coloring.png,gothic_unicorn_night_coloring.png,true
Magical%20Unicorn%20School,"Unicorns attend a floating school with books, scrolls, and magical chalkboards.",https://puswptfnpjdigfsatylx.supabase.co/storage/v1/object/public/coloring-pages/magical_unicorn_school_coloring.png,magical_unicorn_school_coloring.png,true
Pirate%20Unicorn%20Ship,A unicorn dressed as a pirate sails on a ship with a rainbow flag and treasure map.,https://puswptfnpjdigfsatylx.supabase.co/storage/v1/object/public/coloring-pages/pirate_unicorn_ship_coloring.png,pirate_unicorn_ship_coloring.png,true
Rainbow%20Waterfall,,https://puswptfnpjdigfsatylx.supabase.co/storage/v1/object/public/coloring-pages/rainbow_waterfall_coloring.png,rainbow_waterfall_coloring.png,true
Robot%20Unicorn%20Lab,,https://puswptfnpjdigfsatylx.supabase.co/storage/v1/object/public/coloring-pages/robot_unicorn_lab_coloring.png,robot_unicorn_lab_coloring.png,true
Safari%20Unicorn%20Adventure,A unicorn explores a safari landscape with giraffes and elephants wearing wizard hats.,https://puswptfnpjdigfsatylx.supabase.co/storage/v1/object/public/coloring-pages/safari_unicorn_adventure_coloring.png,safari_unicorn_adventure_coloring.png,true
Skydiving%20Unicorns,Unicorns in parachutes float down from the sky surrounded by rainbows.,https://puswptfnpjdigfsatylx.supabase.co/storage/v1/object/public/coloring-pages/skydiving_unicorns_coloring.png,skydiving_unicorns_coloring.png,true
Space%20Unicorn%20Explorer,,https://puswptfnpjdigfsatylx.supabase.co/storage/v1/object/public/coloring-pages/space_unicorn_explorer_coloring.png,space_unicorn_explorer_coloring.png,true
Steampunk%20Unicorn,,https://puswptfnpjdigfsatylx.supabase.co/storage/v1/object/public/coloring-pages/steampunk_unicorn_coloring.png,steampunk_unicorn_coloring.png,true
Time%20Traveler%20Unicorn,A unicorn leaps through swirling portals showing past and future worlds.,https://puswptfnpjdigfsatylx.supabase.co/storage/v1/object/public/coloring-pages/time_traveler_unicorn_coloring.png,time_traveler_unicorn_coloring.png,true
Underwater%20Unicorn,,https://puswptfnpjdigfsatylx.supabase.co/storage/v1/object/public/coloring-pages/underwater_unicorn_coloring.png,underwater_unicorn_coloring.png,true
Unicorn%20And%20Baby%20Dragon,,https://puswptfnpjdigfsatylx.supabase.co/storage/v1/object/public/coloring-pages/unicorn_and_baby_dragon_coloring.png,unicorn_and_baby_dragon_coloring.png,true
Unicorn%20And%20Fairy%20Friends,,https://puswptfnpjdigfsatylx.supabase.co/storage/v1/object/public/coloring-pages/unicorn_and_fairy_friends_coloring.png,unicorn_and_fairy_friends_coloring.png,true
Unicorn%20And%20Fireflies,A unicorn gallops through a night meadow lit up by swarming fireflies.,https://puswptfnpjdigfsatylx.supabase.co/storage/v1/object/public/coloring-pages/unicorn_and_fireflies_coloring.png,unicorn_and_fireflies_coloring.png,true
Unicorn%20And%20Giant%20Flowers,,https://puswptfnpjdigfsatylx.supabase.co/storage/v1/object/public/coloring-pages/unicorn_and_giant_flowers_coloring.png,unicorn_and_giant_flowers_coloring.png,true
Unicorn%20And%20Magic%20Mirror,A unicorn looks into a mirror that shows a parallel mystical universe.,https://puswptfnpjdigfsatylx.supabase.co/storage/v1/object/public/coloring-pages/unicorn_and_magic_mirror_coloring.png,unicorn_and_magic_mirror_coloring.png,true
Unicorn%20And%20The%20Crystal%20Cavern,A unicorn discovers a cave filled with sparkling crystals and magical artifacts.,https://puswptfnpjdigfsatylx.supabase.co/storage/v1/object/public/coloring-pages/unicorn_and_the_crystal_cavern_coloring.png,unicorn_and_the_crystal_cavern_coloring.png,true
Unicorn%20And%20The%20Mermaid%20Lagoon,A unicorn greets mermaids lounging on rocks by a glowing lagoon.,https://puswptfnpjdigfsatylx.supabase.co/storage/v1/object/public/coloring-pages/unicorn_and_the_mermaid_lagoon_coloring.png,unicorn_and_the_mermaid_lagoon_coloring.png,true
Unicorn%20And%20The%20Moon,,https://puswptfnpjdigfsatylx.supabase.co/storage/v1/object/public/coloring-pages/unicorn_and_the_moon_coloring.png,unicorn_and_the_moon_coloring.png,true
Unicorn%20And%20The%20Phoenix,,https://puswptfnpjdigfsatylx.supabase.co/storage/v1/object/public/coloring-pages/unicorn_and_the_phoenix_coloring.png,unicorn_and_the_phoenix_coloring.png,true
Unicorn%20And%20The%20Snowman,,https://puswptfnpjdigfsatylx.supabase.co/storage/v1/object/public/coloring-pages/unicorn_and_the_snowman_coloring.png,unicorn_and_the_snowman_coloring.png,true
Unicorn%20And%20The%20Volcano,,https://puswptfnpjdigfsatylx.supabase.co/storage/v1/object/public/coloring-pages/unicorn_and_the_volcano_coloring.png,unicorn_and_the_volcano_coloring.png,true
Unicorn%20Art%20Studio,A unicorn paints a canvas with sparkly splashes of color and floating brushes.,https://puswptfnpjdigfsatylx.supabase.co/storage/v1/object/public/coloring-pages/unicorn_art_studio_coloring.png,unicorn_art_studio_coloring.png,true
Unicorn%20At%20The%20Beach,,https://puswptfnpjdigfsatylx.supabase.co/storage/v1/object/public/coloring-pages/unicorn_at_the_beach_coloring.png,unicorn_at_the_beach_coloring.png,true
Unicorn%20Birthday%20Party,,https://puswptfnpjdigfsatylx.supabase.co/storage/v1/object/public/coloring-pages/unicorn_birthday_party_coloring.png,unicorn_birthday_party_coloring.png,true
Unicorn%20Carnival%20Ride,,https://puswptfnpjdigfsatylx.supabase.co/storage/v1/object/public/coloring-pages/unicorn_carnival_ride_coloring.png,unicorn_carnival_ride_coloring.png,true
Unicorn%20Castle%20Tower,A unicorn stands on the tower balcony of a sparkling crystal castle.,https://puswptfnpjdigfsatylx.supabase.co/storage/v1/object/public/coloring-pages/unicorn_castle_tower_coloring.png,unicorn_castle_tower_coloring.png,true
Unicorn%20Circus%20Acrobat,,https://puswptfnpjdigfsatylx.supabase.co/storage/v1/object/public/coloring-pages/unicorn_circus_acrobat_coloring.png,unicorn_circus_acrobat_coloring.png,true
Unicorn%20Garden%20Picnic,,https://puswptfnpjdigfsatylx.supabase.co/storage/v1/object/public/coloring-pages/unicorn_garden_picnic_coloring.png,unicorn_garden_picnic_coloring.png,true
Unicorn%20Hot%20Air%20Balloon,,https://puswptfnpjdigfsatylx.supabase.co/storage/v1/object/public/coloring-pages/unicorn_hot_air_balloon_coloring.png,unicorn_hot_air_balloon_coloring.png,true
Unicorn%20Ice%20Cream%20Shop,,https://puswptfnpjdigfsatylx.supabase.co/storage/v1/object/public/coloring-pages/unicorn_ice_cream_shop_coloring.png,unicorn_ice_cream_shop_coloring.png,true
Unicorn%20In%20A%20Magical%20Forest,,https://puswptfnpjdigfsatylx.supabase.co/storage/v1/object/public/coloring-pages/unicorn_in_a_magical_forest_coloring.png,unicorn_in_a_magical_forest_coloring.png,true
Unicorn%20In%20The%20Clouds,,https://puswptfnpjdigfsatylx.supabase.co/storage/v1/object/public/coloring-pages/unicorn_in_the_clouds_coloring.png,unicorn_in_the_clouds_coloring.png,true
Unicorn%20Jungle%20Trek,A unicorn journeys through a jungle with colorful parrots and waterfalls.,https://puswptfnpjdigfsatylx.supabase.co/storage/v1/object/public/coloring-pages/unicorn_jungle_trek_coloring.png,unicorn_jungle_trek_coloring.png,true
Unicorn%20Masquerade%20Ball,Unicorns dance in masks and gowns in a grand enchanted ballroom.,https://puswptfnpjdigfsatylx.supabase.co/storage/v1/object/public/coloring-pages/unicorn_masquerade_ball_coloring.png,unicorn_masquerade_ball_coloring.png,true
Unicorn%20Music%20Band,Unicorns play instruments like harps and flutes in a magical band.,https://puswptfnpjdigfsatylx.supabase.co/storage/v1/object/public/coloring-pages/unicorn_music_band_coloring.png,unicorn_music_band_coloring.png,true
Unicorn%20Pumpkin%20Patch,,https://puswptfnpjdigfsatylx.supabase.co/storage/v1/object/public/coloring-pages/unicorn_pumpkin_patch_coloring.png,unicorn_pumpkin_patch_coloring.png,true
Unicorn%20Puzzle%20World,A unicorn wanders through a surreal landscape made of floating puzzle pieces and chessboards.,https://puswptfnpjdigfsatylx.supabase.co/storage/v1/object/public/coloring-pages/unicorn_puzzle_world_coloring.png,unicorn_puzzle_world_coloring.png,true
Unicorn%20Safari%20Balloons,Unicorns ride animal-shaped balloons over a rainbow-striped savanna.,https://puswptfnpjdigfsatylx.supabase.co/storage/v1/object/public/coloring-pages/unicorn_safari_balloons_coloring.png,unicorn_safari_balloons_coloring.png,true
Unicorn%20Sleepover,"Unicorns in pajamas tell stories, eat snacks, and gaze at glow-in-the-dark stars.",https://puswptfnpjdigfsatylx.supabase.co/storage/v1/object/public/coloring-pages/unicorn_sleepover_coloring.png,unicorn_sleepover_coloring.png,true
Unicorn%20Stargazer,,https://puswptfnpjdigfsatylx.supabase.co/storage/v1/object/public/coloring-pages/unicorn_stargazer_coloring.png,unicorn_stargazer_coloring.png,true
Unicorn%20Tea%20Party,,https://puswptfnpjdigfsatylx.supabase.co/storage/v1/object/public/coloring-pages/unicorn_tea_party_coloring.png,unicorn_tea_party_coloring.png,true
Unicorn%20Treasure%20Hunt,A unicorn discovers a treasure chest in a cave filled with jewels and glowing runes.,https://puswptfnpjdigfsatylx.supabase.co/storage/v1/object/public/coloring-pages/unicorn_treasure_hunt_coloring.png,unicorn_treasure_hunt_coloring.png,true
Unicorn%20Winter%20Wonderland,,https://puswptfnpjdigfsatylx.supabase.co/storage/v1/object/public/coloring-pages/unicorn_winter_wonderland_coloring.png,unicorn_winter_wonderland_coloring.png,true
Unicorn%20Zen%20Garden,A peaceful unicorn meditates in a garden with raked sand and koi fish.,https://puswptfnpjdigfsatylx.supabase.co/storage/v1/object/public/coloring-pages/unicorn_zen_garden_coloring.png,unicorn_zen_garden_coloring.png,true
Unicorns%20In%20Love,Two unicorns touch horns beneath a heart-shaped constellation.,https://puswptfnpjdigfsatylx.supabase.co/storage/v1/object/public/coloring-pages/unicorns_in_love_coloring.png,unicorns_in_love_coloring.png,true
